ID,Position
Q92734,330
Q92543,540
Q9Y618,1577
P55327,176
Q9ULT8,1372
Q9Y520,2242
Q12972,284
Q99081,664
Q6MZP7,235
Q86YN6,197
Q9UHX3,364
O15231,79
Q9UBN4,390
Q08117,143
Q9HBG7,406
Q9UQ35,2407
P21912,35
P51610,775
P49790,498
Q9UN86,245
Q9UHD9,123
Q8N9W5,54
P37198,66
Q9HC35,869
P35658,1872
Q9Y4B6,1332
Q8IZ21,206
Q07617,744
P23443,278
P35612,657
Q86YC2,243
Q9Y230,391
P21926,164
P37198,78
Q7Z589,230
O75157,779
O96020,36
P01112,35
Q7Z6G8,1096
Q9HC78,447
O76099,254
Q9Y520,2694
Q9HCD6,1646
Q5SSQ6,127
Q9BYC2,458
P37198,241
Q01196,145
Q9ULE4,106
Q6PF15,473
O14647,1075
Q5T5J6,77
Q5T1R4,1089
P18433,211
Q9UQF2,366
Q5VTE0,416
Q9Y468,63
Q9Y520,2194
Q15672,7
Q9BQF6,116
Q12830,1754
A6NF01,495
P52630,338
Q8N365,55
Q9P2N5,523
Q9NS62,355
Q6UXX5,770
Q04864,254
Q86V25,150
Q7Z589,511
Q7Z589,270
Q8N1A0,293
O75376,1263
Q9HCN8,211
O75376,32
Q96A73,171
P02545,18
P35658,575
Q14157,696
P27816,659
P46977,553
Q96KR1,248
Q9UMZ2,644
O00555,2120
P47897,78
Q96M27,131
P51610,678
Q05209,622
P51610,712
Q6H8Q1,289
Q8IZL8,49
Q6ZSR9,150
P51610,757
Q8WWI1,876
Q16594,217
Q9HCM2,278
Q96P65,137
P50851,2518
Q9C0D5,1814
Q8IVW6,165
P04844,227
Q9Y2X9,891
O60890,345
Q92734,393
P26196,181
P35658,1936
Q16656,443
Q04637,64
Q9BX84,1181
Q96L91,2724
P78559,878
P98198,1151
Q5XPI4,470
P07101,53
O95486,157
P35658,1579
Q9GZR5,294
P22670,240
Q7Z739,160
Q9H3S7,1131
Q9BYV9,443
P69905,134
H7BZ55,125
P85037,656
Q76N89,493
Q9NYQ6,1625
Q17RS7,753
Q9C0B0,565
Q14106,170
Q9ULT8,1342
O60664,83
Q68CP9,665
Q9H1A4,298
Q12906,382
O43852,133
P33981,699
Q5T6F2,492
Q9NYP9,114
P37198,56
Q6PKC3,688
P47756,202
Q14814,134
Q15942,170
Q5T6F2,407
P85037,541
Q14157,952
P15822,717
P14317,314
Q9UHD9,112
P10253,149
Q9UHR5,241
Q96M27,152
Q32P28,534
Q92793,309
Q12797,454
Q9Y6Q9,654
Q07157,979
P46977,124
Q9NWA0,19
Q16760,87
P37198,153
P26599,109
P01009,138
P29350,250
Q6UVK1,1160
Q6MZP7,430
Q9Y618,2323
Q9HCM9,280
P01100,88
Q16566,137
Q9UHR5,273
O15054,72
Q14004,1288
P98082,729
Q9BW71,188
P09429,107
P37198,253
Q8TF68,54
P14859,740
O43670,267
O00151,108
Q96BD5,273
Q14CM0,521
P37198,198
Q86UE8,148
Q13576,595
Q9NYV4,1466
P38919,278
Q96TA2,115
Q96JB2,468
Q96JY6,171
Q9UQB3,322
Q16563,69
Q96P69,138
Q5JSZ5,1984
Q32P44,881
Q8NFU7,858
Q9NRR5,334
P32243,136
O15055,668
P98082,749
O60244,191
Q8NGJ8,120
P35637,412
Q96PK6,444
Q15723,369
Q9H4I2,246
P08670,37
Q9H939,119
Q14108,421
Q8NDV7,1711
P08047,510
Q9Y5K6,546
Q8NAP3,319
Q14671,810
P46939,2213
Q5JPB2,638
Q9UIF8,19
Q8IYB3,658
P43243,35
Q9NYV4,608
O43524,418
Q14201,160
Q8WYP5,1900
Q15434,289
P11387,643
O14513,1351
Q13151,19
Q08AI6,125
Q13133,49
Q8IUR5,733
Q9UMF0,107
Q92610,518
P35658,440
Q9BTC0,962
Q9HCD5,529
P37198,169
Q9NV66,167
Q9Y4B4,983
P38606,423
Q02543,101
Q9UGL1,117
Q9ULT8,1393
Q92954,1076
O60641,312
Q02447,408
Q14108,47
P37198,159
Q9HCJ0,547
P51884,201
Q17RD7,530
Q96JY6,142
Q13469,224
O14974,783
P23284,139
Q16186,223
Q7Z3K3,310
Q9BUG6,43
O00151,130
O43143,167
P15941,139
Q92542,437
Q70J99,44
P60827,206
Q9Y6Y8,90
P46013,2738
Q96PK6,280
A6NF01,669
Q96PQ1,269
O43166,1408
Q9Y692,441
Q6P9A3,28
P40189,133
P52948,69
Q9NZU1,261
O75179,2005
Q8NB91,355
P35658,1949
Q63HR2,1123
Q9Y3A3,144
P36578,23
Q14157,627
Q92576,527
Q8WXU2,103
P13646,328
Q92542,64
Q3YBR2,9
P19838,423
Q5H9M0,626
P41236,19
O14795,1333
Q12830,2140
Q3MJ13,19
Q02446,188
P37840,75
Q9Y6X8,264
Q8TB72,85
Q32P51,75
Q9BWF3,302
P22681,606
Q9HAW4,797
P46531,1589
Q5UIP0,416
Q9NU39,328
P01100,278
P05787,34
Q14686,1916
Q7Z589,283
P61927,95
Q96S94,449
Q7Z2Y8,1064
Q9Y5A9,230
Q9H7S9,196
Q5VT52,985
P51610,556
P11831,383
Q16799,200
Q13698,346
Q6ZVL6,1646
Q2TAC2,227
Q3MIN7,586
O75179,2022
P46531,2274
Q8NDZ2,7
Q02446,599
Q13490,178
Q92619,166
O14543,13
P29508,36
Q9UQ35,2171
O00481,244
P0DJD0,1489
Q15942,169
P27816,966
Q9C0F0,554
Q15696,455
P11310,280
Q6VMQ6,834
O60235,283
P52948,242
Q01167,158
Q8ND83,422
Q9NPG3,870
O14523,451
P07550,146
A8CG34,715
P10636,717
Q7Z589,502
Q9HBD1,903
P14678,56
Q9UGU0,242
Q12768,547
Q96QT6,555
O43264,314
P23528,108
Q658L1,207
P06730,177
Q13950,333
Q9Y4L1,517
P35658,1770
Q9Y520,2380
Q9HBD1,726
O95835,484
P35789,609
P51677,262
Q92542,419
Q9NTI5,518
Q86UP2,183
P36507,396
Q8TD84,426
P08908,240
Q99459,373
Q13950,32
P00558,174
P15822,1919
Q9Y450,299
Q99583,450
Q15648,671
P27816,853
Q04727,295
Q12830,1716
P06756,876
P52179,362
P48431,246
Q9H910,132
Q92733,226
P54725,132
Q8IZ21,220
A8MUU9,96
O95487,660
P07196,52
Q9ULM0,590
Q9P0X4,981
Q13887,153
Q15233,440
Q9NQ76,159
Q9Y2V7,173
Q06413,222
Q8WWM7,461
P35658,592
O15027,1244
P08670,27
O75150,385
Q02447,231
Q9NYV4,1448
Q01844,51
Q8WWI1,822
Q6VY07,814
Q7Z5L9,147
A8CG34,967
Q7Z589,391
Q14847,182
Q8NEM7,494
Q86W92,622
Q9H334,411
Q6UXH9,498
Q9H0E3,454
P29350,350
Q6N022,138
Q3T8J9,1197
Q15691,155
P68363,94
Q9Y4B5,142
Q9P2D6,752
Q96L91,705
O14974,645
Q9BT04,191
Q04637,61
Q8N5C6,319
O14490,280
O14974,387
Q15648,1263
P09769,183
Q4KWH8,1535
O95487,228
Q96K76,1105
Q8TDX7,264
Q4G0T1,313
P11388,654
P00558,46
P51610,625
Q9NZN5,1331
P06396,309
Q9BTC0,1297
P23229,1005
P05556,596
P35658,1696
Q15306,309
Q9H7F0,899
P37198,17
Q6VMQ6,926
Q8TEQ8,788
A6NGU7,22
Q9Y2I7,90
Q8IWI9,1875
P35658,1738
Q6P4R8,1175
Q15393,133
O75369,1593
Q08289,550
P49792,1400
P51610,1760
P78413,153
Q9Y2X9,863
P07195,70
O95721,153
Q7Z6E9,1703
Q9BUJ2,804
Q68CP9,1496
P08922,1570
Q96M27,88
Q6UUV7,326
Q9UQ35,1974
Q9P2N6,710
Q8WWQ0,772
P35555,593
Q8IWA0,338
P20823,623
P15336,283
Q9Y520,2686
Q99439,246
Q92954,1077
Q5VT52,980
Q9HBM6,156
P62753,26
P35658,1763
P14923,21
Q8IX12,655
Q6PJT7,331
Q8IX01,49
P68400,347
P23246,660
P23588,354
P31749,129
Q6P4R8,1045
P49792,1894
P43308,87
Q96RQ3,418
P51812,375
P68363,56
O43432,736
O15117,374
Q9H8Y8,269
Q8WYA6,431
Q86UU0,949
Q9BYJ9,196
P02462,1095
O00338,4
P82979,187
Q8TDM6,1559
Q6UXD7,309
O43426,43
P37198,2
O75643,282
P51610,1335
Q12857,339
Q13563,364
Q9P2N6,797
Q9H8M1,137
P35236,277
Q8IY33,488
Q9NTZ6,124
Q15750,403
O95817,165
Q6ZNB7,249
Q8NCB2,446
O75179,1824
P12532,82
P52948,1036
O95628,318
Q06546,309
Q9UKL3,186
Q9H0E3,491
Q04726,362
Q2KHR3,306
Q9BTC0,1291
P49327,806
Q16760,81
Q96L91,1547
Q96KR1,135
O75369,1422
Q9H3U1,15
A3KN83,133
P52594,385
Q14686,1613
Q9BYV9,386
P46937,336
Q99700,218
Q96RY5,139
Q01167,424
Q13541,6
P49796,1064
Q9Y4G2,323
Q15434,277
O15530,6
Q9BVL2,483
P49840,106
Q9Y520,2188
Q8N5C8,408
P60468,7
Q6UN15,206
Q9H693,144
O15047,271
Q8NHP8,474
Q8N3Y7,8
P20823,587
Q86WI3,1090
Q01196,238
Q13516,174
Q86YP4,317
Q9Y618,1821
Q9UGU0,696
Q86W92,311
Q96T37,401
Q14814,145
Q8WVM8,138
P17844,544
P54259,363
P15941,239
P49321,677
P37198,145
P67809,57
Q14980,159
Q9UJY4,326
Q12888,659
Q8N3P4,491
O14795,509
Q96EB1,6
P52948,447
Q8TE60,475
O60296,657
Q13490,4
Q5MNZ9,391
Q6ZRI8,343
O14513,1376
Q9BQE3,419
Q8WXE9,114
Q13322,322
P18146,132
Q8TCU6,985
Q7Z434,342
Q15652,650
P49790,1134
Q9H1E5,232
P46013,912
Q8IUG5,2155
Q6VVB1,138
Q12815,243
P02452,673
Q8NDC0,60
Q6ZVD8,1096
Q9BVL2,132
P51610,905
Q9UKY1,228
Q99435,273
Q99865,3
A6NI73,64
Q7Z589,286
P46977,546
Q9UKI9,396
P49915,503
Q9NZL4,19
O43312,200
O94986,1065
Q9Y6Y8,118
Q14980,1317
Q9H3R0,794
Q6UN15,382
Q9Y6R4,201
P10809,331
Q14651,119
Q6S8J3,981
P09651,362
P35712,376
P54727,105
P38606,260
Q01844,100
P08047,702
Q8IWZ3,1799
Q9H9C1,58
Q9UHR5,244
Q5VWN6,976
P14314,282
Q9Y2Z9,421
Q8NBA8,232
P49790,1149
Q96CM8,417
Q9NPI6,493
Q5T6F2,421
P52948,100
Q9H5P4,539
Q9HCK8,2519
Q96MY1,376
P08651,361
Q7Z434,370
P35658,1963
P52594,391
Q14520,300
O60333,1304
Q13554,320
O75170,903
Q9Y520,2175
Q9ULM3,610
Q14686,1932
Q9BX66,708
Q9H3U7,363
P08670,63
Q16143,59
Q86VI3,201
Q02447,131
Q9C0C2,422
Q9UHD9,551
P12036,532
Q9H2Y7,1502
Q8N967,22
Q13769,285
Q14157,382
Q5QJ38,359
Q6UN15,367
Q9BYX2,66
P41970,200
Q12923,1954
Q709F0,639
O15178,8
Q9UQ35,2690
Q9Y6Q9,912
Q96JY6,152
P25789,215
P31040,348
Q9UGU0,699
O15040,387
P42166,167
Q15058,1636
Q5T7P6,108
Q96HC4,159
P17275,153
Q96JH7,1079
Q15942,246
P56199,426
Q9Y5Z4,86
Q96L91,2605
A6NIV6,7
P51884,209
Q96HC4,335
Q8IXJ9,199
Q9Y5Z7,514
Q8IZ21,212
Q02505,2864
P98082,730
P51610,666
O14497,711
O60675,146
O60664,273
Q9BTW9,412
O94842,393
Q99700,541
P12757,72
Q6WCQ1,921
P25067,423
O60675,149
Q9NXV6,385
Q9H334,440
Q9UPT8,835
P07196,38
O75496,36
Q5T8P6,78
Q04637,1041
P51610,619
Q96IZ0,238
Q9NYQ7,3286
Q9NRM7,342
Q15652,1192
O75376,1889
Q9UPQ0,502
P32519,527
Q96RK0,1001
Q8IX12,54
Q5VWN6,1098
Q674X7,249
Q14157,967
P17544,459
Q8NBI6,67
P35658,1653
Q9NRM7,346
Q13416,111
Q7Z589,876
Q9Y520,2260
Q9H4A3,11
P09960,42
Q6W2J9,560
Q6UXD7,316
P08575,193
A6NF01,309
P82979,186
Q8N0X7,474
Q86XN7,602
P26599,25
Q96RK0,985
Q9UHV7,336
P35579,96
P04233,66
P52948,418
Q92621,1128
P00395,455
Q9NXV6,328
Q96L96,238
Q9H6S3,8
Q3MJ13,212
P35613,162
Q01543,84
Q13873,805
Q9UHR5,275
P09913,366
P55198,573
P46527,2
Q5TCY1,501
Q6KC79,1152
Q16555,570
Q01860,352
Q86XE3,369
Q15436,226
Q15436,629
Q06136,212
Q7Z3K3,265
P18846,198
Q9BRN9,148
Q8NFU7,1492
Q8N1F7,51
Q5VWN6,1590
P16157,288
P33993,252
P53992,191
P48634,1790
Q9P2D1,2010
Q9Y6Q9,857
Q8N7H5,38
P37198,64
P18146,512
P49454,658
P51816,329
Q9UGU0,238
Q9UKA4,561
Q96JH7,33
O00512,337
P07197,50
Q702N8,1137
Q8NDT2,238
P28827,820
Q8TF44,206
Q5VT52,1003
Q9Y5U2,110
Q6NX49,52
P78310,100
P05783,7
Q86TC9,714
P33993,262
P15822,1632
Q9ULM3,587
Q96KR1,306
Q7Z5J4,1772
A5YKK6,1061
Q6Y7W6,374
O15355,234
O00203,671
Q9ULM3,608
Q9UPS6,1440
Q4KMP7,46
Q16566,345
Q5T1R4,1401
O94822,1337
Q8WXD9,1145
Q7Z5L9,141
P10070,815
P35222,41
Q8WUM0,60
Q99081,460
P43121,413
Q9UHR5,240
Q92841,55
Q6PJT7,77
P10253,884
O15530,354
Q8IZD4,522
Q8NFW1,1233
Q8NEY1,757
P52948,246
P07814,728
P07942,1280
P50897,199
Q9NRM7,168
Q9UGU0,240
Q9UPP1,804
Q7Z6J0,553
O94979,964
O75369,2478
P13796,114
P33241,282
Q14684,629
Q8NFU7,864
P0C7T5,203
Q8TF68,83
Q9UJX2,565
Q7L014,677
P63261,303
Q9NZR1,285
P29350,151
Q7Z3K3,292
P17480,449
Q12815,246
Q02446,500
Q9NYQ7,3064
A6NF01,306
P30519,242
Q03692,214
Q9ULL5,363
Q8TDG2,280
Q96JH7,1077
P49790,491
Q70E73,793
Q6PJT7,373
Q5BKZ1,266
Q9HAW0,188
Q13469,733
Q9BXT4,409
Q9NUI1,212
P07196,41
Q9NYV4,1363
P54709,126
P31947,136
P51610,932
O96028,280
Q6ZRS2,1125
Q9NXF8,95
Q86U42,286
P05783,23
Q9P1Y6,860
Q9UMS5,174
Q5T6F2,450
K7ELQ4,226
P04150,44
P46013,772
Q9UNN5,70
Q9UM47,1274
Q9NRA8,772
Q6ZNJ1,2197
Q14807,433
P49790,1019
P20337,3
O75475,37
P52948,223
P35579,630
Q9UKL3,63
Q8NG31,158
Q5TCS8,541
O94972,195
Q5T6F2,394
Q8IVM0,249
Q16656,457
Q6UB99,829
Q8IUD6,278
Q9P219,1791
P18846,203
P18583,1841
O43390,258
P24928,1534
Q9HCD5,422
P51991,355
P26599,53
Q96J42,189
O14964,310
Q86TZ1,206
Q6UN15,275
Q9H0E3,321
Q9BUJ2,738
Q5T1R4,1570
O75113,172
P54198,310
Q16512,559
Q8N531,425
Q6Y7W6,678
Q7Z2Y5,331
Q5TB30,649
O15460,261
Q9HB71,3
P52948,315
Q9Y618,1990
Q9Y618,23
Q5TH74,39
O95487,270
Q9NZM4,1413
A6PVS8,193
Q92835,988
Q8IWZ3,1824
Q9H2F5,723
Q15910,729
O15047,291
Q5VT52,976
Q05823,607
Q96BJ8,380
P69905,36
Q9UKD1,403
Q9UK61,1125
Q9NZ52,486
Q8NEZ2,178
Q96RN5,584
O15055,566
P15586,278
P49790,1068
P49756,59
P07437,78
P35658,471
Q86YP4,625
Q8IZL2,236
Q8TF68,58
Q14677,312
Q9UHB6,57
Q12830,2343
Q3T906,384
Q9NSY1,367
O15530,5
Q9UGU0,385
P35658,1146
Q5VWI1,250
P40222,519
Q96L91,2877
Q8IUD2,142
O94842,397
Q6WRI0,957
O14974,835
P37108,133
Q9HC58,308
Q9UPP1,501
Q9BY89,366
Q9Y490,1752
Q14686,1920
O00555,887
Q9BUG6,51
Q9P2J5,1042
Q9BY77,409
P63244,277
Q14847,166
P20823,303
Q5XPI4,1185
Q8NBQ5,188
P49790,199
P51608,68
Q7Z7K6,98
O43166,559
P35637,110
P35658,1716
Q14761,186
Q9NZM3,185
P28347,127
Q92793,244
Q9Y3I1,417
P49790,496
Q14671,786
P35658,1256
O00151,133
O60885,1212
Q15648,1427
Q9H252,842
Q6ZNJ1,1647
O75376,2034
Q6WRI0,1000
Q15434,288
Q9UKA4,743
A6NMZ5,82
P11161,194
Q9UQ35,2382
A1L4H1,649
O95613,3006
P54198,231
Q7Z5L9,230
Q9BU40,352
Q9H347,294
Q9BZB8,244
P25705,383
Q92793,139
Q9ULM3,513
O15054,68
P49790,901
Q7Z4V5,418
O75439,111
Q5T1M5,311
Q7KZ85,1527
P11388,1374
P06396,51
Q9NYJ8,349
P49790,630
Q14157,380
P05067,292
Q8IWZ3,2338
O75334,315
Q01664,13
Q14157,896
P22087,142
Q7Z589,1098
P55198,410
Q8N3V7,413
Q15418,734
H0YHG0,498
O95838,528
O43166,1135
Q15652,2057
P08047,640
Q15428,18
Q9NXV6,337
Q9P218,398
Q13495,550
O14654,570
P61204,44
P11137,1082
O60437,553
P52948,123
Q6UWP8,41
Q6MZP7,284
Q9UQB3,310
P68400,344
Q8N9U0,320
P53992,60
Q5T6F2,372
P49790,1114
P55265,406
Q14126,1059
Q0VG06,466
Q99856,378
P51610,1749
Q9UM47,725
Q96AY3,315
Q8N103,501
P28715,287
Q9NQC3,813
Q9Y520,2289
P15336,290
P17275,101
Q9Y3Z3,74
O95817,187
P46087,573
P06576,327
Q6ZRS2,2420
Q13485,209
Q92615,585
Q6IMN6,468
Q5VWX1,54
P10074,119
Q9UEY8,162
Q8IXQ5,4
Q02505,1569
Q9UPV9,938
Q01813,538
Q8N4X5,761
O95425,694
Q8N7X8,36
Q6PJT7,325
Q13625,328
Q04726,253
P31948,139
Q9C0D5,213
Q92835,991
O00571,616
Q9NX02,671
Q4L180,1108
Q9Y6X8,265
Q13443,798
P35658,1207
Q9Y618,1138
Q5JTH9,646
O15440,485
Q13233,958
Q8WY36,243
P52594,304
Q96QB1,548
P46531,2466
Q9H3G5,348
P98082,678
P12757,75
Q53ET0,173
P52948,96
Q08116,7
P19622,180
E9PAV3,1066
P35658,1426
Q96EQ0,207
P35658,1045
Q9H0E3,505
P07339,260
P16220,40
Q8NA58,143
P51610,658
P08047,254
Q9ULJ3,320
Q14938,272
Q9Y5X4,284
P55042,290
Q9NP61,266
Q9BWF3,315
Q8TEM1,383
P30084,9
Q02505,1580
P32519,403
Q14004,1292
A0A5A6,77
P31937,248
P27540,645
Q9H0E3,305
P61978,417
Q6UVJ0,495
P42892,20
Q8N0U7,314
Q53GL7,356
Q86V48,797
P07437,107
Q9HCH5,186
Q9Y2H9,799
A8CG34,637
Q14134,120
Q8IU81,459
Q9UEU0,177
P49848,614
P50895,447
P42695,1437
P07197,28
Q96JE9,31
Q92879,303
Q8NDX5,283
Q9UQB3,315
Q14119,396
P35711,164
Q6UB98,36
O14497,255
Q6UX68,152
Q9C0K7,335
Q13428,1270
P12236,254
P37198,119
Q6UUV7,321
O15511,8
Q96L73,1035
Q93073,941
Q9UGU0,559
P35658,547
O60664,15
Q8N122,706
P68104,416
Q86SU0,342
Q96M27,169
Q04837,141
Q6W2J9,365
P53992,305
Q14165,162
P27816,864
Q96HA1,688
P08047,134
Q9UGU0,693
O43242,105
P27816,161
P35637,108
Q9H4A3,1279
Q86UR5,1377
Q96RV3,801
A5YKK6,1058
Q04725,301
O95486,162
P26196,327
Q9UJS0,619
O94901,590
Q16643,331
Q5JQC9,347
Q5T1R4,1094
Q93038,28
Q9Y692,241
Q14980,1840
Q12830,1752
Q17R98,328
Q9Y6J0,1855
P51610,574
Q15058,223
O75376,3
Q7Z7K6,104
O75179,1646
P55735,315
Q8NDV3,815
P49792,2499
Q9NSC7,175
Q9H598,15
P37198,227
Q96PU8,217
Q14444,475
Q9P016,76
Q9Y4B5,745
P15408,269
Q9HCK8,2522
P51003,701
Q9Y6G9,468
P35658,457
Q9P1Y6,589
Q99645,64
Q8N2Y8,1488
Q8NHU6,659
Q5T8P6,695
P11388,1471
Q96RK0,535
Q3KQU3,838
Q93052,28
Q14145,103
P04217,74
Q8NG27,265
A5YKK6,1044
Q9HCK1,1870
P55265,397
O60296,639
P67809,32
Q92541,677
P51610,540
Q8WVZ7,66
Q9UKD1,436
Q9UJC3,727
P05387,64
P14649,171
Q6MZP7,371
Q68DE3,1926
P42858,1347
P53708,998
Q13761,320
Q96I24,428
Q969V6,295
Q8NBP5,19
O60488,51
P16455,184
P20823,564
Q9H425,311
P30622,989
Q9P2D1,1049
Q92752,861
Q7RTP6,702
O75534,27
Q9Y3D9,140
P04792,184
Q14671,800
O15054,402
Q7Z7B0,31
Q9NRL3,563
P21781,194
Q9UEY8,464
P15822,588
Q9UKD1,425
P00558,175
Q5T200,1238
P51610,950
Q9UKA2,34
Q9Y520,2196
P12107,462
O15027,1019
Q5SW79,1334
Q9BX66,1048
P33076,1073
Q9UQ35,2327
O75376,1491
P33527,428
A4FU01,67
Q5S007,1721
O94979,1048
Q14157,863
Q99081,192
Q9P0L0,65
Q96KR1,188
O94856,367
Q7Z589,295
P01871,348
P05556,598
P31629,1320
Q96HC4,309
Q14157,855
O75143,114
Q9HCD5,449
Q6UUV9,83
P60709,160
O95400,39
Q8TDB6,545
P35348,121
O14757,417
Q06547,291
O75311,166
Q9UKY1,450
P10253,153
P30101,126
Q8N1G4,215
Q9HAT2,403
Q9ULT8,1571
P04004,171
Q96JF6,774
Q99856,379
P78312,708
Q14157,710
P48444,223
P12036,421
Q5TGY3,1036
Q9BZY9,281
A5YKK6,1055
Q07157,1425
P12270,1318
P04150,47
Q9Y2X9,890
Q96PK6,256
P01589,60
Q12888,1643
P28698,554
Q8WW12,84
P37198,155
Q1RN00,170
Q9H1B7,179
Q712K3,106
Q92844,286
P55103,58
P18583,763
Q9Y520,2400
O43823,216
Q9Y618,1778
Q13635,444
P55198,429
Q01543,411
O00443,1335
P35611,565
Q9Y618,2319
Q8IWZ3,1821
Q92667,580
Q9C0F1,335
Q9C0D5,1662
Q13480,322
P49841,39
Q9BY42,268
Q9UKY1,444
Q92766,120
P52594,367
Q8N2M8,653
Q9HB21,328
Q15652,969
Q9C0F0,561
O95822,9
Q16656,369
P59510,1178
P16870,403
P51610,408
P49750,751
Q93084,534
Q4VCS5,182
P05165,655
Q16787,309
P51610,413
O14497,1235
O14974,477
Q9H6R3,4
P23771,315
Q92945,144
P52948,293
P49790,1225
Q92896,221
P51688,407
Q9UPN6,615
Q9BVL2,23
Q02446,589
P27816,742
Q9NZN8,113
Q08708,149
Q9NZR1,283
Q9P2N5,511
Q9NRM7,431
P41091,320
Q8NFZ5,339
Q14157,277
P56192,788
Q8TC56,520
Q5HYC2,919
P31942,189
P35658,1167
O95081,191
Q7Z589,247
Q2Y0W8,96
Q8IWI9,1672
P19338,587
P52655,229
Q05519,370
P16118,2
Q15418,287
Q8TDN2,323
Q9Y520,2221
P34810,294
Q9BPZ7,113
P09912,119
P27449,20
Q13546,320
Q9Y520,2454
P49790,643
Q15691,157
Q9UBC0,17
P55198,545
Q96KR1,207
Q86V25,145
Q9BTA9,456
Q9BV35,4
P31277,215
P53992,773
O94842,409
Q14157,690
P49454,653
P52594,151
P49790,638
O60664,12
Q92734,376
Q9Y2Z4,354
Q14157,425
P25440,220
Q92598,476
A8CG34,665
P10636,198
P35221,878
Q9BR76,321
Q7Z3B4,32
Q15021,489
P32519,525
Q96JN0,1176
Q8IVW6,416
Q9HCR9,747
P11277,1928
Q7LBC6,696
Q9Y6X3,608
P18146,119
P04792,74
P68431,29
Q96B49,9
Q9H1B7,184
Q8NEE6,681
Q13950,371
P27348,156
Q8WW52,71
P11137,522
Q99700,213
Q9NYQ7,3287
P49790,1159
A6NL88,139
Q6PCB5,115
Q5DX21,425
Q8TED1,133
P49792,561
Q14157,950
O95970,463
O95486,165
A6PVY3,20
Q9BUG6,31
Q16822,34
Q9UKI2,218
P49790,910
Q9Y618,1800
Q8IZL2,1040
Q9Y520,2235
Q9UKV3,657
O75157,551
Q86UR5,636
Q5VWQ0,8
Q9NYV4,601
Q9ULH7,215
P49790,644
Q7L0Y3,382
Q4V328,659
P35913,694
P51610,915
Q9HCD5,471
Q08117,171
Q9NYA4,200
Q8IZ21,244
Q9UQ84,732
P35637,42
P78543,83
Q9NR30,759
Q96PE1,882
Q13029,1517
Q92569,161
P35658,1916
Q9UGU0,686
Q7Z589,541
Q5VUA4,1328
Q96DF8,446
O60346,797
Q4L180,791
P15336,136
P49792,982
Q9H792,501
Q9H0L4,467
Q96AT9,196
Q16531,480
Q5W0Q7,1001
P40692,363
Q9UHD9,530
Q9UNA0,449
O60664,191
P51991,173
P31629,443
Q9NQT8,1053
Q9Y3R0,1006
Q7Z5J4,330
Q5VT52,589
Q9H4F1,137
Q14444,430
P18846,189
Q02543,86
P37198,53
Q9H1B7,183
O75376,1806
Q99594,157
Q9HBD1,471
Q6PJT7,220
Q9HCD5,514
A0AVK6,682
Q6YHK3,403
Q8WYQ9,619
Q5VUA4,1341
Q9Y4B6,891
P78332,843
Q92835,744
Q6UY14,432
Q6VMQ6,887
P37198,23
Q96RU3,376
Q5VT52,495
Q8IXW5,29
Q96KR1,149
O60232,111
Q9Y566,1794
Q7Z589,271
Q9BUJ2,744
Q02083,39
P17275,85
Q15672,6
P32189,83
Q9Y6G9,421
P26439,263
Q8IX12,263
Q9NYJ8,359
Q96PY5,913
P12107,659
Q9HAU0,382
Q8WWI1,1573
Q2TAL8,365
Q08378,115
Q8NDC0,20
Q13233,985
P68431,33
Q13474,921
Q7Z589,1117
Q5T6F2,398
P27449,26
Q8WX93,1199
Q96IZ5,103
Q96GX5,300
O94979,938
Q7Z7C8,209
Q9Y485,1601
P53992,776
P10600,128
Q07912,817
Q14119,124
Q15942,278
Q9BX66,943
Q8WYP5,1345
Q96HE7,282
Q96EY8,49
Q9Y5K6,542
Q8IVM0,247
Q8WU20,329
Q7LBC6,651
Q8NEF3,14
P36268,456
Q6MZP7,286
Q9H4Z2,997
P12270,1672
P01100,283
Q5JRA6,1099
Q8IWF9,374
Q14686,1609
P49116,72
Q5H9F3,135
Q96KR1,529
P07196,403
P26006,31
Q99081,311
Q9Y4B4,1291
Q8N9T8,319
Q15750,46
Q969V6,475
Q9HCJ0,1603
Q9BWU0,312
Q9ULC6,39
Q99961,286
Q8TF74,128
Q96QC0,594
P54727,247
Q8N8S7,482
Q15027,379
Q9HCB6,11
Q14157,682
Q86TC9,732
A8CG34,984
P51610,848
Q15652,1453
Q5T6F2,1016
Q9UQ35,2244
Q9UKD1,453
Q14207,364
Q9UKI8,611
Q9UEY8,159
Q9NXV6,411
Q13769,287
P35609,431
A3KMH1,1098
Q8WWQ0,1438
Q5VT52,503
Q96EQ0,209
P51531,59
P51610,598
Q01844,238
Q15111,98
Q9H2W6,191
Q10469,59
Q8ND56,141
P35658,1363
Q04206,337
Q7LBC6,465
P49790,894
O15083,7
Q06546,254
P07196,429
P37108,126
Q9C0F0,568
Q9H1H9,636
P51610,458
Q9ULH0,1272
Q96KM6,273
Q15853,103
P35658,1690
O76031,463
Q96JB2,477
Q6PJT7,204
O15504,300
Q14145,388
Q6W2J9,637
O60318,123
Q96PK6,244
P49959,605
Q96JL9,572
Q9UQR1,644
Q08378,16
O95490,1218
Q8NGJ8,103
Q96L91,2638
Q9P0M6,2
P56524,895
Q96EV2,722
Q8IZD4,518
P35658,603
O95789,615
Q86UU0,947
Q9Y4G6,2036
Q8WWM7,269
Q9NP71,265
Q07666,183
Q01844,48
Q15021,1395
O75920,47
Q9Y618,2145
Q702N8,1174
Q9BTC0,1288
Q9NUW8,172
Q5T1M5,307
Q7Z739,167
P0C6C1,447
P51610,831
Q6IQ16,105
Q8IWZ8,107
P15941,131
Q9HD33,15
P12755,440
Q9Y2X9,883
Q96PV0,1087
P04150,42
Q9H2C0,219
Q5VT52,762
Q14671,180
Q9H1B7,7
P52948,673
Q5VTR2,259
Q9Y520,2633
Q01433,168
P42694,1882
Q8IYX3,369
P35658,1058
Q9Y6A2,83
Q96L91,3094
Q9P2D3,1880
P54652,435
Q53H54,180
Q5TF21,215
Q92793,312
Q9BVL2,52
P11117,169
P00338,69
Q9Y2I7,1433
P20851,126
Q9H0E3,129
Q99607,330
Q14676,1583
P49790,520
Q96KR1,77
Q16594,152
E9PAV3,1109
Q9C0C9,329
P52594,292
Q9BTA9,391
Q8NFX7,63
Q9UHB6,368
Q8N4F7,107
Q8IUF8,327
Q8NFU5,315
Q9NY99,87
Q3KQU3,460
Q05682,126
Q92734,334
P51610,1234
P33240,220
Q5U5X8,59
Q9Y2X9,694
Q6ZTR7,157
Q9UJC3,726
Q92576,1722
Q8NDX5,645
Q02505,1565
O95983,144
P49790,900
Q8TD19,877
Q7L591,483
Q5T7N2,648
Q15545,236
Q9BZI1,445
Q6KC79,208
Q92878,900
P15408,57
Q13535,2075
Q6IQ23,121
P08670,32
Q08117,176
Q9HCS2,314
Q15059,248
O95817,180
O95628,396
P78362,492
P54753,390
P20700,401
Q07666,24
Q9P2N6,824
Q8NCT3,483
Q8IUD2,21
P52566,73
A8CG34,692
P13667,254
P46109,254
Q9Y2X0,53
Q10471,402
Q96HA1,722
Q92766,19
Q8NBS9,306
Q68D51,171
Q14676,1138
P27816,787
O43613,129
Q01543,414
P84098,59
P12034,119
O60341,35
O60502,415
Q7Z5L9,240
Q92545,912
P55198,507
Q8IV36,6
Q96CT2,100
O15042,67
O75475,206
P49321,408
P57740,64
Q03405,257
Q9H4A3,1935
Q9BQE3,271
Q9BVL2,523
Q9Y2U8,27
P49023,85
Q14157,714
Q3SYG4,593
A8CG34,1031
P04066,383
Q9UGU0,1474
P55265,656
Q2V2M9,500
Q07157,1493
O43175,322
P14314,298
Q3V6T2,825
P52948,378
Q8TAT6,604
P11171,760
Q5SSG8,28
P52594,401
P49790,1078
O43909,594
P42224,499
O95486,314
Q16352,493
P04899,6
P07437,274
O95487,245
Q8N3R9,579
Q14980,2094
P04818,251
Q5T6F2,486
Q9H4A4,247
P17535,117
O76039,479
Q14686,1612
Q9H4A3,1848
Q9HBM6,153
Q8NDY6,8
Q8NHV4,493
Q9GZU7,41
Q92615,589
Q9GZY8,202
A6QL63,270
P49790,1003
P54725,156
P04406,83
Q8WWI1,1586
P48960,377
P05783,34
O00299,221
Q99666,918
Q14157,776
O75533,299
P40222,530
Q5T0B9,113
Q04206,269
Q14571,1789
P51610,759
Q92585,794
P50851,2540
Q9P2B2,395
Q9H0E3,512
Q9Y520,2200
P49790,1026
O95721,61
Q9NZU1,255
O75694,587
P68871,73
A8CG34,977
P35606,432
P35658,1305
Q13492,294
Q9NYL9,155
Q49AA0,162
Q92545,913
Q7Z2Y5,30
P08237,503
O95677,105
Q9H4A3,73
Q9H4I2,586
Q8N1G0,493
Q9UJU6,295
P51956,373
Q01518,459
Q96FV0,253
P35658,1234
Q5VU43,1777
Q9UGP4,294
Q6ZU65,1011
O75376,24
Q7Z553,118
Q92793,2322
Q7Z3K3,274
Q86YP4,336
P10636,217
P23634,258
P31943,310
P82279,745
P48723,185
Q7Z4P5,98
O95487,2
O15466,137
P54727,112
Q5JWR5,705
O75179,2303
B5MCY1,1915
Q86YP4,327
Q9UJC3,719
Q14157,716
O60293,744
Q12882,65
P23515,154
A5YKK6,1045
Q92734,333
O43516,386
Q96ST2,248
P55196,591
P49427,186
P10636,184
O00470,21
Q9P2N6,719
Q9UQ35,2302
O00267,18
O75629,162
Q8ND83,413
Q6UUV7,343
Q5SW79,135
Q9UQ35,2368
Q8TD91,485
O95236,330
P51610,612
Q14031,183
Q9NVQ4,53
P35658,1178
Q0D2K2,416
P49790,305
Q13206,610
P49327,980
O00443,1651
Q9H0E3,306
P35658,1193
P55197,496
Q9BVC6,55
Q9H2C0,277
Q9H4A3,1235
Q15750,406
A3KN83,108
Q04637,198
P17706,179
Q04725,334
Q92585,335
P51610,1497
Q9HB21,323
Q9UMX0,518
Q9BXC9,405
Q9P2N6,805
Q14814,160
P16112,105
P08047,453
P11831,401
P51991,82
Q3KQV9,473
Q58A45,289
Q92997,156
P51610,1398
Q12830,2056
Q8N3V7,406
P19827,631
Q14978,578
Q9UKV3,639
Q8WTR2,34
A3KN83,127
Q12830,1617
Q29980,151
Q14444,488
Q8WZ64,346
Q96L91,702
Q14031,1514
Q86VF5,208
Q86U42,275
Q8N7C4,158
P00533,364
O00443,334
Q9NPR9,170
P62701,115
Q14697,451
P07197,418
Q9UQ35,2236
P52333,890
Q9BQ87,416
Q5T0B9,128
Q08380,550
P01861,15
Q7Z6E9,1442
P22681,512
O43868,54
Q9Y692,459
Q8NFW9,176
P0C7T5,23
O60610,1235
Q5SWW7,7
Q63HQ2,118
P27816,921
Q9P2R6,1238
P23921,780
Q8N6T3,144
Q9HCM7,1004
Q14686,1933
Q9Y520,2286
A8MTJ3,329
P53708,997
O14974,776
P08670,55
Q96KR1,490
Q86YN6,198
P05091,480
O75427,71
Q5VT52,990
O43768,93
B3KS81,75
A6NI73,55
Q5MNZ9,395
Q9NNW5,804
Q8N6H7,312
Q02083,123
Q99504,64
P04150,54
P52948,76
O43597,101
Q2KHR3,521
Q4V348,11
Q13477,382
Q7Z2Y8,1859
Q08AD1,681
P17275,189
P34931,42
O14974,773
P07355,153
Q96PP9,232
Q04695,9
P02458,788
P47914,13
Q9P2P1,367
Q5VWI1,260
Q9NXR8,236
Q13207,629
Q14814,258
Q16629,227
P55344,113
Q58FG1,3
Q9BQE3,382
Q93038,317
Q7Z3B3,838
Q9HCJ0,1602
Q8NA19,509
P27701,43
P20823,591
P04792,174
P05198,239
Q8NDV7,1687
Q96M83,1006
P68371,366
Q9BTC0,964
P41970,195
P27701,47
Q8WWI1,1563
P28715,310
Q9NR12,204
P22392,122
O43896,1010
Q7LBC6,661
Q7Z7C8,230
Q8WWM7,679
Q96KR1,86
O75369,401
Q5TCQ9,1327
P37198,272
Q9NTZ6,149
Q9UQ35,2343
Q9BZX2,106
Q2KHR3,586
Q16555,509
Q96IR7,263
P18846,206
Q7LBC6,667
Q5VT52,500
Q7Z6J0,525
P32519,509
Q5H9R4,312
Q9NR12,247
P55884,743
Q68DK7,205
Q9C0C7,328
P15586,275
P51610,746
Q7KZ85,1535
Q9H2X6,1009
Q02413,997
Q8NF50,956
Q14847,113
Q9BYE9,458
O14639,429
P00387,30
Q15723,380
Q5JPB2,742
Q8IVM8,355
P46939,1572
P10636,414
P49792,874
Q9NR30,239
Q9H2F5,736
O94905,108
P07339,265
Q5TGY3,1074
Q14031,1421
O60841,295
P07196,431
Q1MSJ5,1091
P63119,105
Q09161,626
P36507,13
Q3MJ13,21
O75179,1839
O14523,448
Q02880,473
Q15269,543
Q16186,217
A3KN83,113
Q712K3,95
Q7LDG7,599
P02549,1738
O15084,1009
Q8NHG7,64
Q13620,145
P63261,300
P16157,794
P49792,1118
P35318,83
Q7Z5P4,21
P11161,78
O14490,525
Q9UQR1,572
P55198,512
O94763,354
Q9BQG0,426
Q16143,27
A5YKK6,1047
Q99829,325
P10644,124
P51610,808
Q96PV0,809
P11940,635
Q9NUL3,435
Q02818,44
P18583,265
Q14157,852
O00712,333
Q96L91,701
Q14703,589
P55198,413
Q92610,477
P40763,717
Q9HCJ0,1677
P46934,738
Q2KHT3,371
P0CG12,374
O43524,482
Q9Y4B4,1074
Q9NYJ8,350
Q9ULM3,708
Q7Z5L9,383
P26599,35
Q14247,328
O43189,488
Q96RN5,414
Q05639,6
Q9C0H9,646
Q5TH69,936
P51148,209
Q9UPX0,194
Q8NAA5,264
Q9H3S7,1473
Q5T0F9,202
Q9Y512,164
P07814,1083
Q9Y6Q9,910
Q8N8Z6,52
Q92817,29
Q96PU8,211
Q01844,137
Q9H910,30
Q2KHR3,282
Q14202,1034
Q9H2P0,265
Q8IZD2,475
Q6PJT7,367
P49790,1023
Q9BS26,369
Q96RV3,786
P37198,39
Q96S37,508
Q15652,1091
P49792,867
P23471,714
O15027,1025
Q2TAL8,364
P50539,104
Q14680,49
Q9H4A3,2381
Q01082,2316
Q8N7H5,195
Q9UKA4,713
P78559,877
P51858,165
P35658,1103
Q9Y2X9,5
Q8IWP9,274
Q9UGU0,237
Q8IZA0,901
Q8NA82,83
P20823,563
Q5TC82,1131
Q96KR1,165
Q5VTM2,514
Q9BZ71,782
Q7Z589,1129
Q15637,521
Q8TAX7,171
O14497,1888
Q9UPQ4,258
Q7Z7K6,101
O15371,423
P37198,37
Q96HA7,919
Q96KR1,184
P50402,52
Q8IYA6,234
Q16181,7
Q13576,599
Q58FG1,5
Q8N3T6,834
Q14157,1083
Q9P2Y4,36
Q9P2N5,549
P49750,1897
Q92734,337
P10636,212
Q04726,359
P28329,366
Q8NE18,706
Q9H0M4,68
O76070,54
Q6PKG0,766
Q6ZRI6,591
Q96KR1,219
Q8NDX5,674
Q9UKI9,389
Q53EL9,60
Q8NCH0,252
Q9C0D5,1676
Q9BXJ3,152
Q9NPI6,499
Q9Y2G7,131
P18846,164
Q9UPQ0,437
Q9UPQ0,526
Q5TH74,42
Q9H0E9,286
Q00587,132
Q7Z5M8,358
Q8NB16,358
Q14119,150
Q01844,274
Q7LBC6,437
P17030,358
P15822,667
Q9UKY7,144
P56715,155
O95292,201
Q9C0I3,495
P51610,892
O15055,662
Q7Z589,228
Q9NRR5,340
Q9UIW0,42
Q92615,595
O95197,234
Q8NDW8,156
P33121,246
Q8N184,100
Q96RN5,387
Q7Z460,579
Q8N6C5,1026
Q7Z3K3,240
Q13620,750
Q96Q04,1316
Q68CP9,676
O75376,1042
Q9H4I2,219
Q9UPQ0,663
Q9P0J1,87
O96028,658
Q32P51,74
O95081,192
Q15057,345
Q8IWI9,1663
Q9H161,411
Q04727,337
Q14676,112
P18583,1644
Q9H4A3,1285
P60709,271
Q8IWZ3,1802
O94979,160
Q9P2N5,546
Q9H4A3,1812
P35658,1948
Q14157,631
Q12830,1755
Q2KJY2,266
P49790,624
Q4AC94,708
P51610,902
P54727,266
Q92750,440
Q8WYP5,2060
Q9NXV6,212
O43151,431
P62979,123
Q8N183,14
P48029,509
Q92733,228
P16415,540
Q12901,305
Q96G42,91
Q9H0L4,466
Q9HBD1,756
P37802,83
Q96KM6,263
Q9Y618,1323
P06748,125
Q86U70,402
P35590,397
Q86XN7,601
Q96BY6,2169
O95490,1161
O14974,631
Q9BUJ2,733
Q9HC78,260
Q53ET0,519
Q13177,178
Q8NDX5,236
Q07666,20
Q96MT7,253
A5YKK6,1780
P19105,128
Q5T6F2,417
O94855,35
O14974,781
Q13394,355
P15311,243
O95487,281
A5YKK6,1042
O43613,138
Q5VUA4,1334
O94979,1051
P15822,1753
Q13428,533
O14974,592
P46100,9
P32519,536
Q9Y6Y8,130
O95881,136
Q969L4,30
A5YKK6,880
P13667,135
P49790,476
Q494V2,252
P35658,1205
P49257,433
Q9NZI5,146
P49790,1057
Q6WRX3,351
Q9BWK5,8
O75376,1885
Q7Z442,1851
Q02505,2848
P07339,144
O14639,358
P14859,263
Q9H1Z4,140
Q14157,358
P54727,261
Q8N9W8,106
Q96KR1,102
A0AVK6,681
Q96SQ9,518
O14497,129
Q9NTZ6,67
Q01201,163
P35658,1284
Q5SW79,870
P45880,251
Q8IY37,849
O75376,1457
Q9H0E3,503
Q8TD06,15
Q92538,283
Q969H6,56
O75376,2086
P35658,508
O60381,156
Q01844,33
Q96Q11,112
P48431,256
O43159,126
Q9NVA2,9
Q92576,488
Q99961,279
P13645,58
P35222,112
Q96AE7,186
Q7Z3D6,92
Q96BD5,142
P05026,198
O43548,498
P54727,267
Q9NYF3,128
Q5H9F3,834
O14974,782
Q9UGL1,116
Q8NI36,67
Q96QS3,49
Q6ZNB6,57
Q9ULU4,750
P13942,1546
P51610,1488
Q13156,22
Q12841,143
Q02846,926
A6PVS8,194
P80303,67
Q8WVD5,34
Q99460,829
P52948,286
Q8N5R6,600
P11279,72
Q12830,2338
P43121,593
Q96PU5,256
Q9NZV1,77
P49790,937
P61160,66
Q9ULH7,921
Q9UHB7,42
Q9Y5A9,225
O43670,263
Q13492,565
Q9H2Y7,1492
Q9BVL2,15
Q2KHR3,131
Q8WWM7,681
Q5HYC2,1554
Q6ZU52,110
Q9NTZ6,135
Q01082,2218
Q8IUD2,137
Q9Y283,991
P52948,507
Q13438,529
Q8IXS8,398
P35658,1637
O75096,604
P54727,104
Q01167,155
P41271,41
Q5VWJ9,230
Q9UM82,403
Q5T5U3,489
Q13492,359
P04264,538
Q9NXV6,308
Q6KC79,284
Q8NDX5,279
P21333,2617
Q6UXH1,202
Q9NQV6,930
Q07108,183
Q9Y616,551
A1L4H1,640
Q9Y520,2488
P22891,320
Q2KHR3,959
Q5VWN6,1613
Q9Y678,725
Q6P4R8,880
Q96FV0,249
P51610,871
Q70E73,799
O95487,329
Q52LR7,751
O43670,309
Q16566,356
Q02446,495
P52948,1064
O15530,400
Q15654,158
Q9Y3S1,1604
P35658,1055
O95425,2071
Q9NPG3,884
P23368,113
O00571,204
Q9HBD1,883
Q14157,334
O43670,268
P51610,918
Q9NZM3,139
Q6T311,73
Q9Y618,1570
Q96KR1,250
Q96A44,83
Q9ULM3,604
Q6H8Q1,279
P08651,464
Q9ULM3,889
Q14676,1419
Q4ZG55,1658
Q6VMQ6,793
P35658,1233
O43237,410
P09661,68
Q02446,186
Q9UHV7,229
Q08117,161
P56385,17
Q15397,386
P32519,404
Q8WWI1,1579
Q01860,349
Q96BD5,122
P60880,115
Q92585,801
Q7Z434,365
O60675,147
Q5T6F2,485
Q9NXV6,360
O75030,104
Q96DN6,465
P35658,433
Q14119,111
Q86VH2,322
O15315,66
Q9HB21,326
P78536,108
Q8NI27,1245
Q6ZNL6,701
P35658,1283
P35658,1355
Q15637,331
Q6MZP7,280
Q9UQ35,111
Q14119,393
Q7Z3K3,434
Q96GW9,131
Q5T1N1,287
P55198,563
Q8IZ21,202
Q86W92,215
Q6KC79,148
P05783,10
Q13547,114
Q9Y2I8,124
O95817,144
Q13243,225
Q96PV0,983
Q658L1,215
Q92585,325
Q13283,256
O95487,296
Q10571,428
Q8IXM3,23
Q5TGY3,877
Q86XH1,207
Q8N635,295
Q8N2Y8,772
Q9Y6A1,541
Q8IWU5,185
Q9HBD1,897
Q7Z434,366
Q8N4S7,96
Q9H4A3,1951
Q96RK0,534
Q6P4R8,900
Q8N3X1,798
P10253,142
O43491,899
P04062,187
Q9Y2X9,866
O95486,160
O95817,190
Q92945,94
P27695,19
P35610,36
P37198,238
O95865,162
Q99700,529
P23229,452
Q6AI39,582
Q8N1G4,433
Q8N1G1,484
P30153,555
Q6P4R8,750
Q9BXU1,718
Q7Z589,267
Q86YP4,333
Q8IWI9,1371
Q6KC79,355
Q6KC79,162
Q9P2N5,513
Q96KR1,471
Q9UMX0,329
Q92585,331
O75116,1114
Q9BYV9,832
Q9H3T2,594
Q9H1B7,306
Q9HCK8,184
O60306,235
O94979,1190
Q9Y467,527
Q9UQ26,1409
Q6P4R8,1278
P43307,138
P35658,1776
Q13315,601
P68371,168
Q16204,384
O95817,182
P35658,598
O75976,532
Q9BY49,114
O15034,666
Q16204,349
Q9UIW0,50
Q8N5T2,331
Q92879,302
P82987,1187
Q12830,2088
Q6W2J9,367
P35658,1962
Q5VWN6,1097
A6NL88,138
Q14157,439
Q14814,162
P49790,632
Q9NSI6,2218
O94856,398
P16118,9
Q9H270,384
Q6PJG2,438
P15822,1744
Q86VP3,422
Q96JB6,627
P35658,1907
Q16555,537
Q5VT52,528
Q9BQG0,93
Q96HA7,918
Q9Y4G8,1166
Q5VVC0,4
Q14005,1275
Q9P2N6,864
Q96KM6,337
P07858,194
O75113,802
Q8TF50,421
P35658,1147
Q96CP6,271
Q9BVL2,22
Q8NA82,88
Q00653,810
Q8IVL0,1207
P55265,629
Q7KZ85,1525
Q04726,328
A8CG34,607
Q9Y639,199
P35658,1366
Q9H2F5,758
Q8ND56,148
Q9BYJ9,205
O60318,137
Q6PJT7,390
Q96AD5,119
Q8NI27,600
P78310,209
P18850,97
P47712,108
Q9Y2C2,157
O15027,1022
P18146,123
Q8NDX5,142
Q7Z3K3,289
Q9BVP2,207
Q13492,385
Q5JR59,902
Q76NI1,982
Q68DK2,2226
Q9BRJ7,213
Q6DT37,1462
P49790,964
Q9HBF4,107
Q13627,689
Q9H2U2,22
Q7Z5J4,343
P35658,628
P30622,119
Q8N6G2,119
Q9NTZ6,122
Q9NW82,321
Q14093,312
Q8IZT6,2267
Q86YP4,185
Q9NWX6,33
Q9UGJ0,156
Q9C0A1,1490
Q6P4R8,1156
P52948,77
Q96PE2,1970
O14497,128
Q8IWY9,203
Q8N684,36
Q14157,984
P31629,439
Q9C0F0,551
P35658,581
Q8N465,61
Q15672,31
Q9UPN6,807
Q9UKZ4,2245
Q9Y2V7,168
Q8N1K5,316
Q68DQ2,1765
Q8IY33,310
Q8IUI8,425
Q96JM3,325
Q07889,1132
Q9P219,1519
Q02447,389
Q14157,454
O14974,396
P14859,535
Q13492,576
Q9Y520,2721
P55197,346
O75179,2379
Q9BVL2,453
O43707,55
Q8NG31,714
Q96KR1,465
Q86VD1,364
Q17RB8,2
Q5T2S8,1015
P26374,192
Q5VT52,438
O60641,310
Q9Y227,13
Q2T9K0,371
Q13620,231
Q01844,443
Q5VT52,484
Q5T6F2,277
A6NF01,277
Q14114,764
Q5T6F2,1095
Q9NVX0,37
Q7Z7C8,220
Q8TE54,10
Q92945,95
Q9Y4K1,1447
Q9Y520,2691
P68363,419
Q96HD1,207
Q96QT6,554
Q02388,1431
Q8WUR7,6
Q6P4R8,1168
Q96KR1,75
P18846,154
Q5T8P6,690
O95210,176
Q92542,70
Q9ULT8,1569
Q8IV36,4
O95789,382
A6NDL7,44
O60664,11
P35658,504
Q9NXV6,162
Q01082,2304
Q14511,104
Q01844,153
Q13761,301
Q9H4A3,1253
Q8IWI9,1926
Q9HAP2,482
Q13438,496
Q5TC84,415
P27540,603
P35658,1370
Q9C0C2,813
Q9BQS2,43
P46013,1736
Q9Y6R4,1359
Q96LL4,224
Q9NSI6,1786
P15822,1864
P42025,352
Q9H2P0,365
Q5T1R4,1006
Q15652,1087
O15530,222
P35658,1219
O94762,898
Q6ZVD8,1091
Q2Y0W8,94
Q9H0E9,284
Q9Y490,179
P28331,259
P49841,43
Q9Y467,256
Q8IWI9,1561
Q13620,151
Q9BTA9,460
O00268,532
O75940,222
Q14004,1290
Q9NTZ6,121
Q86UR5,398
P49790,572
Q96HC4,156
P07355,2
Q5T1M5,330
Q10472,554
Q8NDV7,1671
P46937,366
Q9BTC0,1308
P35658,1335
Q8IZD2,15
Q9UKA4,732
Q86U70,410
Q5QP82,360
Q2KHR3,299
Q15652,1451
P51610,967
Q5T655,719
Q9HBG7,410
Q9Y618,1521
Q86V48,875
Q9UQ35,2459
Q9HBK9,371
Q2TAL5,232
Q76FK4,1065
P52594,301
Q9NXX6,38
P23511,192
P43304,80
Q9BYV9,389
Q6VMQ6,792
Q5VUA4,1693
O75145,1033
Q9UNF1,64
P08047,120
Q8IVL0,984
Q9Y5Z4,91
O15534,323
P09429,100
Q8NEZ2,172
Q9UGM6,230
P02545,618
Q13530,307
P15822,331
Q96EY7,389
P51610,1246
O14513,113
P11161,199
P35658,1375
P30260,691
P51610,587
Q9Y618,1799
Q9Y2X9,445
Q9Y520,2284
Q5XG92,237
Q9H334,422
Q96SQ9,516
P08047,312
P36952,97
Q9BXS0,299
Q9UJ83,359
Q6P4R8,1224
P30520,413
Q9BY89,360
P98172,198
Q14119,103
Q8IZ21,201
A0PJY2,261
Q9P2D6,574
Q9Y520,2243
Q9Y618,2317
Q9Y520,2356
P27816,975
Q15526,266
Q8NEG5,539
Q96AE4,147
Q02094,371
Q8TEQ6,627
Q14157,887
Q9H1B7,319
O15014,952
Q15061,390
P36957,5
Q16594,149
P33176,405
O75147,897
O15553,442
Q9H7P9,1314
Q96L91,2624
O60885,1215
P37198,269
Q7Z589,176
Q8NI27,1055
O14639,465
Q9P2F8,1491
Q15652,1457
Q9C0D7,528
Q9H910,92
O14490,380
Q53ET0,516
O95447,380
Q9ULU4,751
Q9UII4,357
Q8NDL9,605
Q9UKD1,408
Q8N8S7,463
P08185,41
Q15572,828
Q96KR7,259
Q9NRC8,342
Q6P4R8,1151
O00151,135
Q9NRX1,128
Q15596,2
Q96EV2,723
Q5VT52,596
P52594,147
Q13443,384
Q96L96,42
Q9Y277,70
Q2KHR3,1283
Q9NYB5,165
Q96JM3,362
Q5KSL6,500
P78559,874
Q7Z589,518
Q96KR1,246
Q96S52,368
Q9BZC7,1141
Q13464,408
P31146,291
P09651,22
Q9UJX2,562
Q15056,217
O95081,223
Q02446,501
Q6IA69,280
Q8IWB9,175
Q9NRH2,587
O95071,875
O95677,112
O14974,597
Q96S52,372
Q8N9V2,94
O94842,382
Q12830,2237
P85037,662
P42338,485
P51531,52
P68371,172
Q10589,75
Q6H8Q1,278
P13796,110
Q15645,179
O00268,411
P16144,1484
P07196,416
O14974,385
Q02446,130
O15047,282
O75376,1928
A8MTJ3,327
Q86UU0,888
Q8IZL8,704
Q8IZ81,212
Q92793,330
O75376,54
Q9UPU5,693
Q6ZN30,515
Q14119,138
Q7Z6I6,678
Q13769,74
Q8N3X1,804
Q9Y2E8,162
Q9H0X4,522
P43243,37
P46821,1236
O94851,717
Q92797,1231
Q6P5Z2,205
Q7Z739,236
Q5VT52,422
P14859,725
Q2TAC2,639
Q6ZTR5,1072
P13797,122
P31629,545
Q8WWI5,652
Q01082,2337
P25067,432
O43143,462
P49848,481
Q9H251,812
O60318,96
O76041,699
Q14157,909
Q9ULJ3,328
P52948,1014
Q8NDD1,42
O95487,319
P46087,36
O95487,139
Q5T6F2,630
Q13769,293
Q9UPW5,31
Q9Y3T9,49
Q96ST3,295
Q6VMQ6,723
Q9UKA4,1136
A3KN83,130
P02549,844
P98171,913
P37198,203
P53999,4
Q5VWN6,1593
O14497,256
O43670,273
P49796,997
Q8WXI9,289
Q14671,797
Q9Y520,2462
P46937,350
Q96B97,567
Q14671,722
P31629,420
P08047,491
Q9UBG0,1159
O14974,589
O15460,263
Q5T6F2,737
Q16778,113
Q9BQG0,1037
O75179,2194
U3KPZ7,386
P15822,845
Q15878,1180
P51610,789
Q8N2A8,231
Q96KR1,434
P07814,631
P33991,3
Q93052,25
Q13454,91
P67809,126
O00268,728
O60477,104
Q8NF37,409
Q04727,321
P63104,184
Q86UU0,896
P52594,395
Q96KR1,199
Q8WWI1,1564
P35658,621
Q8TCJ2,619
O43294,80
Q8N961,16
Q9BR76,330
P20618,31
P58012,263
P08572,1277
Q9H069,7
P14923,14
Q15459,562
P51610,518
P50454,53
P13378,2
Q5VWN6,969
Q9UPN6,619
P35658,1946
O95180,615
O00116,348
P18583,2172
Q9BTC0,947
Q12830,2192
Q6MZP7,277
Q7Z739,210
Q14315,1644
P49792,1768
Q15436,627
Q5T3J3,61
P52594,149
P08047,455
Q7Z589,273
Q96JN0,37
P04049,227
Q8IWZ3,2297
Q96M27,119
P13942,1549
Q14980,2106
Q9NTZ6,103
Q9BWW4,265
P78364,554
Q9C0D5,1537
Q9H8Y8,391
Q12948,323
Q13283,250
Q6P050,94
Q9BYJ9,173
Q6VMQ6,988
Q96M27,186
Q92793,281
Q6ZPD8,240
Q96M27,187
P20823,304
Q9BZM4,39
O14879,298
A0A0B4J1U4,79
Q7Z7B0,1130
Q96PE2,1961
Q7Z739,205
Q5VT52,174
O75179,1635
Q9UKZ1,392
Q9NXV6,398
Q9ULH7,211
Q8TF68,73
Q8IWI9,1668
P55265,63
Q6VY07,540
Q5U651,306
P46100,13
